title,description,link,image_url,board
"Calculate Your Monthly Mortgage Payment Instantly","Find out exactly what your monthly mortgage payment will be. Our free calculator factors in principal, interest, taxes, and insurance. No signup needed.","https://www.qfinhub.com/calculators/mortgage-calculator","https://www.qfinhub.com/pins/batch-mortgage-calculator-eaff61.png","Mortgage Calculators"
"How Much House Can You Really Afford?","Find your home buying budget with our free affordability calculator. Get a clear number based on your income, debt, and down payment.","https://www.qfinhub.com/calculators/mortgage-affordability","https://www.qfinhub.com/pins/batch-mortgage-affordability-156502.png","Mortgage Calculators"
"Free Refinance Calculator Calculator — Try It Now","Calculate refinance calculator instantly with our free online tool. No signup, no email, just results. Used by thousands of people every month.","https://www.qfinhub.com/calculators/refinance-calculator","https://www.qfinhub.com/pins/batch-refinance-calculator-e52261.png","Mortgage Calculators"
"Free Home Equity Calculator — Try It Now","Calculate home equity instantly with our free online tool. No signup, no email, just results. Used by thousands of people every month.","https://www.qfinhub.com/calculators/home-equity","https://www.qfinhub.com/pins/batch-home-equity-b03b9b.png","Mortgage Calculators"
"Free Closing Costs Calculator — Try It Now","Calculate closing costs instantly with our free online tool. No signup, no email, just results. Used by thousands of people every month.","https://www.qfinhub.com/calculators/closing-costs","https://www.qfinhub.com/pins/batch-closing-costs-70e7e3.png","Mortgage Calculators"
"Free Mortgage Payoff Calculator — Try It Now","Calculate mortgage payoff instantly with our free online tool. No signup, no email, just results. Used by thousands of people every month.","https://www.qfinhub.com/calculators/mortgage-payoff","https://www.qfinhub.com/pins/batch-mortgage-payoff-d0dc7a.png","Mortgage Calculators"
"Free Biweekly Mortgage Calculator — Try It Now","Calculate biweekly mortgage instantly with our free online tool. No signup, no email, just results. Used by thousands of people every month.","https://www.qfinhub.com/calculators/biweekly-mortgage","https://www.qfinhub.com/pins/batch-biweekly-mortgage-d3bcef.png","Mortgage Calculators"
"Free Fha Loan Calculator — Try It Now","Calculate fha loan instantly with our free online tool. No signup, no email, just results. Used by thousands of people every month.","https://www.qfinhub.com/calculators/fha-loan","https://www.qfinhub.com/pins/batch-fha-loan-5a4289.png","Mortgage Calculators"
"Free Va Loan Calculator — Try It Now","Calculate va loan instantly with our free online tool. No signup, no email, just results. Used by thousands of people every month.","https://www.qfinhub.com/calculators/va-loan","https://www.qfinhub.com/pins/batch-va-loan-70e410.png","Mortgage Calculators"
"Free Arm Calculator Calculator — Try It Now","Calculate arm calculator instantly with our free online tool. No signup, no email, just results. Used by thousands of people every month.","https://www.qfinhub.com/calculators/arm-calculator","https://www.qfinhub.com/pins/batch-arm-calculator-ef8ad9.png","Mortgage Calculators"
"Free Pmi Calculator Calculator — Try It Now","Calculate pmi calculator instantly with our free online tool. No signup, no email, just results. Used by thousands of people every month.","https://www.qfinhub.com/calculators/pmi-calculator","https://www.qfinhub.com/pins/batch-pmi-calculator-2f94fb.png","Mortgage Calculators"
"Free Home Renovation Calculator — Try It Now","Calculate home renovation instantly with our free online tool. No signup, no email, just results. Used by thousands of people every month.","https://www.qfinhub.com/calculators/home-renovation","https://www.qfinhub.com/pins/batch-home-renovation-f05de4.png","Mortgage Calculators"
"Free Amortization Schedule Calculator — Try It Now","Calculate amortization schedule instantly with our free online tool. No signup, no email, just results. Used by thousands of people every month.","https://www.qfinhub.com/calculators/amortization-schedule","https://www.qfinhub.com/pins/batch-amortization-schedule-585167.png","Mortgage Calculators"
"The Power of Compound Interest Explained","See how your money grows exponentially over time. Use our free compound interest calculator to project your investment growth. Start investing smarter today.","https://www.qfinhub.com/calculators/compound-interest","https://www.qfinhub.com/pins/batch-compound-interest-d47a31.png","Investment Calculators"
"Free Simple Interest Calculator — Try It Now","Calculate simple interest instantly with our free online tool. No signup, no email, just results. Used by thousands of people every month.","https://www.qfinhub.com/calculators/simple-interest","https://www.qfinhub.com/pins/batch-simple-interest-206caf.png","Investment Calculators"
"How Much Will Your Investment Be Worth?","Calculate the future value of any investment with our free ROI calculator. Plan your financial future with confidence.","https://www.qfinhub.com/calculators/investment-return","https://www.qfinhub.com/pins/batch-investment-return-9c92b9.png","Investment Calculators"
"Free Roi Calculator Calculator — Try It Now","Calculate roi calculator instantly with our free online tool. No signup, no email, just results. Used by thousands of people every month.","https://www.qfinhub.com/calculators/roi-calculator","https://www.qfinhub.com/pins/batch-roi-calculator-43be5f.png","Investment Calculators"
"Free Stock Return Calculator — Try It Now","Calculate stock return instantly with our free online tool. No signup, no email, just results. Used by thousands of people every month.","https://www.qfinhub.com/calculators/stock-return","https://www.qfinhub.com/pins/batch-stock-return-993d82.png","Investment Calculators"
"Free Dividend Calculator Calculator — Try It Now","Calculate dividend calculator instantly with our free online tool. No signup, no email, just results. Used by thousands of people every month.","https://www.qfinhub.com/calculators/dividend-calculator","https://www.qfinhub.com/pins/batch-dividend-calculator-c1c9e7.png","Investment Calculators"
"Free Dollar Cost Average Calculator — Try It Now","Calculate dollar cost average instantly with our free online tool. No signup, no email, just results. Used by thousands of people every month.","https://www.qfinhub.com/calculators/dollar-cost-average","https://www.qfinhub.com/pins/batch-dollar-cost-average-1ba125.png","Investment Calculators"
"Free Irr Calculator Calculator — Try It Now","Calculate irr calculator instantly with our free online tool. No signup, no email, just results. Used by thousands of people every month.","https://www.qfinhub.com/calculators/irr-calculator","https://www.qfinhub.com/pins/batch-irr-calculator-1ef4c2.png","Investment Calculators"
"Free Npv Calculator Calculator — Try It Now","Calculate npv calculator instantly with our free online tool. No signup, no email, just results. Used by thousands of people every month.","https://www.qfinhub.com/calculators/npv-calculator","https://www.qfinhub.com/pins/batch-npv-calculator-0a9e6c.png","Investment Calculators"
"Free Present Value Calculator — Try It Now","Calculate present value instantly with our free online tool. No signup, no email, just results. Used by thousands of people every month.","https://www.qfinhub.com/calculators/present-value","https://www.qfinhub.com/pins/batch-present-value-1e2f2f.png","Investment Calculators"
"Free Future Value Calculator — Try It Now","Calculate future value instantly with our free online tool. No signup, no email, just results. Used by thousands of people every month.","https://www.qfinhub.com/calculators/future-value","https://www.qfinhub.com/pins/batch-future-value-6c6cf4.png","Investment Calculators"
"Free Portfolio Allocator Calculator — Try It Now","Calculate portfolio allocator instantly with our free online tool. No signup, no email, just results. Used by thousands of people every month.","https://www.qfinhub.com/calculators/portfolio-allocator","https://www.qfinhub.com/pins/batch-portfolio-allocator-0424eb.png","Investment Calculators"
"Free Sharpe Ratio Calculator — Try It Now","Calculate sharpe ratio instantly with our free online tool. No signup, no email, just results. Used by thousands of people every month.","https://www.qfinhub.com/calculators/sharpe-ratio","https://www.qfinhub.com/pins/batch-sharpe-ratio-b9a851.png","Investment Calculators"
"Free Time Value Of Money Calculator — Try It Now","Calculate time value of money instantly with our free online tool. No signup, no email, just results. Used by thousands of people every month.","https://www.qfinhub.com/calculators/time-value-of-money","https://www.qfinhub.com/pins/batch-time-value-of-money-4f3cfa.png","Investment Calculators"
"Free Rule Of 72 Calculator — Try It Now","Calculate rule of 72 instantly with our free online tool. No signup, no email, just results. Used by thousands of people every month.","https://www.qfinhub.com/calculators/rule-of-72","https://www.qfinhub.com/pins/batch-rule-of-72-9e760b.png","Investment Calculators"
"Are You On Track for Retirement?","Our free retirement calculator shows you exactly how much you need to save. Get a personalized retirement plan in seconds.","https://www.qfinhub.com/calculators/retirement-planning","https://www.qfinhub.com/pins/batch-retirement-planning-32e767.png","Retirement Planning"
"Maximize Your 401(k) Growth","Calculate your 401(k) balance at retirement. Factor in employer match, contribution increases, and market returns.","https://www.qfinhub.com/calculators/401k-calculator","https://www.qfinhub.com/pins/batch-401k-calculator-6ee830.png","Retirement Planning"
"Free Roth Ira Calculator — Try It Now","Calculate roth ira instantly with our free online tool. No signup, no email, just results. Used by thousands of people every month.","https://www.qfinhub.com/calculators/roth-ira","https://www.qfinhub.com/pins/batch-roth-ira-ee635a.png","Retirement Planning"
"Free Traditional Ira Calculator — Try It Now","Calculate traditional ira instantly with our free online tool. No signup, no email, just results. Used by thousands of people every month.","https://www.qfinhub.com/calculators/traditional-ira","https://www.qfinhub.com/pins/batch-traditional-ira-6e8007.png","Retirement Planning"
"Free Social Security Calculator — Try It Now","Calculate social security instantly with our free online tool. No signup, no email, just results. Used by thousands of people every month.","https://www.qfinhub.com/calculators/social-security","https://www.qfinhub.com/pins/batch-social-security-c01339.png","Retirement Planning"
"Free Early Retirement Calculator — Try It Now","Calculate early retirement instantly with our free online tool. No signup, no email, just results. Used by thousands of people every month.","https://www.qfinhub.com/calculators/early-retirement","https://www.qfinhub.com/pins/batch-early-retirement-d66ff8.png","Retirement Planning"
"Free Retirement Income Calculator — Try It Now","Calculate retirement income instantly with our free online tool. No signup, no email, just results. Used by thousands of people every month.","https://www.qfinhub.com/calculators/retirement-income","https://www.qfinhub.com/pins/batch-retirement-income-18067e.png","Retirement Planning"
"Free Pension Calculator Calculator — Try It Now","Calculate pension calculator instantly with our free online tool. No signup, no email, just results. Used by thousands of people every month.","https://www.qfinhub.com/calculators/pension-calculator","https://www.qfinhub.com/pins/batch-pension-calculator-9233fb.png","Retirement Planning"
"Free Retirement Withdrawal Calculator — Try It Now","Calculate retirement withdrawal instantly with our free online tool. No signup, no email, just results. Used by thousands of people every month.","https://www.qfinhub.com/calculators/retirement-withdrawal","https://www.qfinhub.com/pins/batch-retirement-withdrawal-9e762b.png","Retirement Planning"
"Free Required Minimum Distribution Calculator — Try It Now","Calculate required minimum distribution instantly with our free online tool. No signup, no email, just results. Used by thousands of people every month.","https://www.qfinhub.com/calculators/required-minimum-distribution","https://www.qfinhub.com/pins/batch-required-minimum-distribution-3d8916.png","Retirement Planning"
"Free Retirement Expenses Calculator — Try It Now","Calculate retirement expenses instantly with our free online tool. No signup, no email, just results. Used by thousands of people every month.","https://www.qfinhub.com/calculators/retirement-expenses","https://www.qfinhub.com/pins/batch-retirement-expenses-cd0bd3.png","Retirement Planning"
"Free Loan Calculator Calculator — Try It Now","Calculate loan calculator instantly with our free online tool. No signup, no email, just results. Used by thousands of people every month.","https://www.qfinhub.com/calculators/loan-calculator","https://www.qfinhub.com/pins/batch-loan-calculator-6cad6a.png","Loan Calculators"
"Free Auto Loan Calculator — Try It Now","Calculate auto loan instantly with our free online tool. No signup, no email, just results. Used by thousands of people every month.","https://www.qfinhub.com/calculators/auto-loan","https://www.qfinhub.com/pins/batch-auto-loan-6c475f.png","Loan Calculators"
"Plan Your Student Loan Repayment","Calculate monthly payments and total interest for federal and private student loans. Free student loan calculator.","https://www.qfinhub.com/calculators/student-loan","https://www.qfinhub.com/pins/batch-student-loan-dbeca5.png","Loan Calculators"
"Free Personal Loan Calculator — Try It Now","Calculate personal loan instantly with our free online tool. No signup, no email, just results. Used by thousands of people every month.","https://www.qfinhub.com/calculators/personal-loan","https://www.qfinhub.com/pins/batch-personal-loan-2266a7.png","Loan Calculators"
"Free Loan Comparison Calculator — Try It Now","Calculate loan comparison instantly with our free online tool. No signup, no email, just results. Used by thousands of people every month.","https://www.qfinhub.com/calculators/loan-comparison","https://www.qfinhub.com/pins/batch-loan-comparison-c6c77b.png","Loan Calculators"
"Free Loan Refinancing Calculator — Try It Now","Calculate loan refinancing instantly with our free online tool. No signup, no email, just results. Used by thousands of people every month.","https://www.qfinhub.com/calculators/loan-refinancing","https://www.qfinhub.com/pins/batch-loan-refinancing-89f263.png","Loan Calculators"
"Free Lease Vs Buy Calculator — Try It Now","Calculate lease vs buy instantly with our free online tool. No signup, no email, just results. Used by thousands of people every month.","https://www.qfinhub.com/calculators/lease-vs-buy","https://www.qfinhub.com/pins/batch-lease-vs-buy-5c99a3.png","Loan Calculators"
"Free Debt Consolidation Calculator — Try It Now","Calculate debt consolidation instantly with our free online tool. No signup, no email, just results. Used by thousands of people every month.","https://www.qfinhub.com/calculators/debt-consolidation","https://www.qfinhub.com/pins/batch-debt-consolidation-386fc9.png","Loan Calculators"
"Free Debt Snowball Calculator — Try It Now","Calculate debt snowball instantly with our free online tool. No signup, no email, just results. Used by thousands of people every month.","https://www.qfinhub.com/calculators/debt-snowball","https://www.qfinhub.com/pins/batch-debt-snowball-8db950.png","Debt Payoff Tools"
"Free Debt Avalanche Calculator — Try It Now","Calculate debt avalanche instantly with our free online tool. No signup, no email, just results. Used by thousands of people every month.","https://www.qfinhub.com/calculators/debt-avalanche","https://www.qfinhub.com/pins/batch-debt-avalanche-8c5ccb.png","Debt Payoff Tools"
"Get Out of Debt Faster with Our Calculator","See exactly when you'll be debt-free. Compare snowball vs avalanche methods. Free debt payoff calculator.","https://www.qfinhub.com/calculators/debt-payoff","https://www.qfinhub.com/pins/batch-debt-payoff-711f73.png","Debt Payoff Tools"
"Free Credit Card Payoff Calculator — Try It Now","Calculate credit card payoff instantly with our free online tool. No signup, no email, just results. Used by thousands of people every month.","https://www.qfinhub.com/calculators/credit-card-payoff","https://www.qfinhub.com/pins/batch-credit-card-payoff-689fa9.png","Debt Payoff Tools"
"Estimate Your 2024 Tax Refund or Bill","Our free tax calculator estimates your federal income tax. Plan ahead for tax season and avoid surprises.","https://www.qfinhub.com/calculators/tax-calculator","https://www.qfinhub.com/pins/batch-tax-calculator-bfff07.png","Tax Calculators"
"Free Capital Gains Tax Calculator — Try It Now","Calculate capital gains tax instantly with our free online tool. No signup, no email, just results. Used by thousands of people every month.","https://www.qfinhub.com/calculators/capital-gains-tax","https://www.qfinhub.com/pins/batch-capital-gains-tax-13ec2e.png","Tax Calculators"
"Free Sales Tax Calculator — Try It Now","Calculate sales tax instantly with our free online tool. No signup, no email, just results. Used by thousands of people every month.","https://www.qfinhub.com/calculators/sales-tax","https://www.qfinhub.com/pins/batch-sales-tax-80d131.png","Tax Calculators"
"Free Property Tax Calculator — Try It Now","Calculate property tax instantly with our free online tool. No signup, no email, just results. Used by thousands of people every month.","https://www.qfinhub.com/calculators/property-tax","https://www.qfinhub.com/pins/batch-property-tax-85fcc1.png","Tax Calculators"
"Free Estate Tax Calculator — Try It Now","Calculate estate tax instantly with our free online tool. No signup, no email, just results. Used by thousands of people every month.","https://www.qfinhub.com/calculators/estate-tax","https://www.qfinhub.com/pins/batch-estate-tax-ed62f1.png","Tax Calculators"
"Free Inheritance Tax Calculator — Try It Now","Calculate inheritance tax instantly with our free online tool. No signup, no email, just results. Used by thousands of people every month.","https://www.qfinhub.com/calculators/inheritance-tax","https://www.qfinhub.com/pins/batch-inheritance-tax-5574fb.png","Tax Calculators"
"Free Effective Tax Rate Calculator — Try It Now","Calculate effective tax rate instantly with our free online tool. No signup, no email, just results. Used by thousands of people every month.","https://www.qfinhub.com/calculators/effective-tax-rate","https://www.qfinhub.com/pins/batch-effective-tax-rate-40072b.png","Tax Calculators"
"Free Tax Bracket Calculator — Try It Now","Calculate tax bracket instantly with our free online tool. No signup, no email, just results. Used by thousands of people every month.","https://www.qfinhub.com/calculators/tax-bracket","https://www.qfinhub.com/pins/batch-tax-bracket-bd51eb.png","Tax Calculators"
"Free Marginal Tax Rate Calculator — Try It Now","Calculate marginal tax rate instantly with our free online tool. No signup, no email, just results. Used by thousands of people every month.","https://www.qfinhub.com/calculators/marginal-tax-rate","https://www.qfinhub.com/pins/batch-marginal-tax-rate-b70bb1.png","Tax Calculators"
"Free W4 Calculator Calculator — Try It Now","Calculate w4 calculator instantly with our free online tool. No signup, no email, just results. Used by thousands of people every month.","https://www.qfinhub.com/calculators/w4-calculator","https://www.qfinhub.com/pins/batch-w4-calculator-1bdec6.png","Tax Calculators"
"Free 1099 Calculator Calculator — Try It Now","Calculate 1099 calculator instantly with our free online tool. No signup, no email, just results. Used by thousands of people every month.","https://www.qfinhub.com/calculators/1099-calculator","https://www.qfinhub.com/pins/batch-1099-calculator-c69669.png","Tax Calculators"
"Free Self Employment Tax Calculator — Try It Now","Calculate self employment tax instantly with our free online tool. No signup, no email, just results. Used by thousands of people every month.","https://www.qfinhub.com/calculators/self-employment-tax","https://www.qfinhub.com/pins/batch-self-employment-tax-ce6141.png","Tax Calculators"
"Reach Your Savings Goals Faster","Calculate exactly how much to save each month to reach any financial goal. Free and easy to use.

&Budget","https://www.qfinhub.com/calculators/savings-goal","https://www.qfinhub.com/pins/batch-savings-goal-b7db88.png","Savings and Budget"
"Take Control of Your Finances with a Budget","Create a personalized budget in minutes. Track income, expenses, and savings goals. Free, no email required.

&Budget","https://www.qfinhub.com/calculators/budget-planner","https://www.qfinhub.com/pins/batch-budget-planner-d0b2fd.png","Savings and Budget"
"Free Net Worth Calculator — Try It Now","Calculate net worth instantly with our free online tool. No signup, no email, just results. Used by thousands of people every month.

&Budget","https://www.qfinhub.com/calculators/net-worth","https://www.qfinhub.com/pins/batch-net-worth-689ad0.png","Savings and Budget"
"How Inflation Eats Your Savings","Calculate the real value of money over time. See how inflation impacts your purchasing power with our free calculator.

&Budget","https://www.qfinhub.com/calculators/inflation-calculator","https://www.qfinhub.com/pins/batch-inflation-calculator-461256.png","Savings and Budget"
"Free Break Even Calculator — Try It Now","Calculate break even instantly with our free online tool. No signup, no email, just results. Used by thousands of people every month.

&Budget","https://www.qfinhub.com/calculators/break-even","https://www.qfinhub.com/pins/batch-break-even-82adf6.png","Savings and Budget"
"Free Annuity Calculator Calculator — Try It Now","Calculate annuity calculator instantly with our free online tool. No signup, no email, just results. Used by thousands of people every month.

&Budget","https://www.qfinhub.com/calculators/annuity-calculator","https://www.qfinhub.com/pins/batch-annuity-calculator-87d66f.png","Savings and Budget"
"Free Perpetuity Calculator Calculator — Try It Now","Calculate perpetuity calculator instantly with our free online tool. No signup, no email, just results. Used by thousands of people every month.

&Budget","https://www.qfinhub.com/calculators/perpetuity-calculator","https://www.qfinhub.com/pins/batch-perpetuity-calculator-0b9080.png","Savings and Budget"
"Free Payback Period Calculator — Try It Now","Calculate payback period instantly with our free online tool. No signup, no email, just results. Used by thousands of people every month.

&Budget","https://www.qfinhub.com/calculators/payback-period","https://www.qfinhub.com/pins/batch-payback-period-b7c9cc.png","Savings and Budget"
"Free Basic Calculator Calculator — Try It Now","Calculate basic calculator instantly with our free online tool. No signup, no email, just results. Used by thousands of people every month.","https://www.qfinhub.com/calculators/basic-calculator","https://www.qfinhub.com/pins/batch-basic-calculator-237a50.png","Everyday Calculators"
"Convert Any Currency Instantly","Free real-time currency converter. USD to EUR, GBP, JPY, and 180+ currencies. No sign-up required.","https://www.qfinhub.com/calculators/currency-converter","https://www.qfinhub.com/pins/batch-currency-converter-0f742f.png","Everyday Calculators"
"Free Tip Calculator Calculator — Try It Now","Calculate tip calculator instantly with our free online tool. No signup, no email, just results. Used by thousands of people every month.","https://www.qfinhub.com/calculators/tip-calculator","https://www.qfinhub.com/pins/batch-tip-calculator-256d67.png","Everyday Calculators"
"Free Discount Calculator Calculator — Try It Now","Calculate discount calculator instantly with our free online tool. No signup, no email, just results. Used by thousands of people every month.","https://www.qfinhub.com/calculators/discount-calculator","https://www.qfinhub.com/pins/batch-discount-calculator-8a360a.png","Everyday Calculators"
"Free Salary Calculator Calculator — Try It Now","Calculate salary calculator instantly with our free online tool. No signup, no email, just results. Used by thousands of people every month.","https://www.qfinhub.com/calculators/salary-calculator","https://www.qfinhub.com/pins/batch-salary-calculator-7de678.png","Everyday Calculators"
"Free Percentage Calculator Calculator — Try It Now","Calculate percentage calculator instantly with our free online tool. No signup, no email, just results. Used by thousands of people every month.","https://www.qfinhub.com/calculators/percentage-calculator","https://www.qfinhub.com/pins/batch-percentage-calculator-528ce0.png","Everyday Calculators"
"Free Bmi Calculator Calculator — Try It Now","Calculate bmi calculator instantly with our free online tool. No signup, no email, just results. Used by thousands of people every month.","https://www.qfinhub.com/calculators/bmi-calculator","https://www.qfinhub.com/pins/batch-bmi-calculator-cf978d.png","Everyday Calculators"
"Free Calorie Calculator Calculator — Try It Now","Calculate calorie calculator instantly with our free online tool. No signup, no email, just results. Used by thousands of people every month.","https://www.qfinhub.com/calculators/calorie-calculator","https://www.qfinhub.com/pins/batch-calorie-calculator-513fb0.png","Everyday Calculators"
"Free Date Difference Calculator — Try It Now","Calculate date difference instantly with our free online tool. No signup, no email, just results. Used by thousands of people every month.","https://www.qfinhub.com/calculators/date-difference","https://www.qfinhub.com/pins/batch-date-difference-186bd1.png","Everyday Calculators"
"Free Age Calculator Calculator — Try It Now","Calculate age calculator instantly with our free online tool. No signup, no email, just results. Used by thousands of people every month.","https://www.qfinhub.com/calculators/age-calculator","https://www.qfinhub.com/pins/batch-age-calculator-2b876f.png","Everyday Calculators"
"Free Fraction Calculator Calculator — Try It Now","Calculate fraction calculator instantly with our free online tool. No signup, no email, just results. Used by thousands of people every month.","https://www.qfinhub.com/calculators/fraction-calculator","https://www.qfinhub.com/pins/batch-fraction-calculator-823663.png","Everyday Calculators"
"Free Unit Converter Calculator — Try It Now","Calculate unit converter instantly with our free online tool. No signup, no email, just results. Used by thousands of people every month.","https://www.qfinhub.com/calculators/unit-converter","https://www.qfinhub.com/pins/batch-unit-converter-1de20f.png","Everyday Calculators"
"Free Gas Mileage Calculator — Try It Now","Calculate gas mileage instantly with our free online tool. No signup, no email, just results. Used by thousands of people every month.","https://www.qfinhub.com/calculators/gas-mileage","https://www.qfinhub.com/pins/batch-gas-mileage-ecea52.png","Everyday Calculators"
"Free Fuel Cost Calculator — Try It Now","Calculate fuel cost instantly with our free online tool. No signup, no email, just results. Used by thousands of people every month.","https://www.qfinhub.com/calculators/fuel-cost","https://www.qfinhub.com/pins/batch-fuel-cost-aebc85.png","Everyday Calculators"
